eno,ename,eadd,salary
12,Myrta,Jorf,43496
35,Thibaud,Tawa,42108
80,Ewen,Diffa,36707
1,Minerva,Pryyutivka,26274
29,Kerwinn,Huaqiao,79017
5,Batholomew,Telmin Suma,43908
49,Levi,Tagkawayan Sabang,58715
20,Valentia,Mangulewa,41532
23,Sonni,Niopanda,52821
3,Catina,Brněnec,16171
27,Dodi,Palmeira,17514
67,Freeland,Choa Saidān Shāh,81461
44,Emory,Daingean,89377
81,Christian,Pumwani,84994
29,Audy,Novosel’ye,47100
44,Marion,Ainaži,37011
32,Ottilie,Ambovombe,43742
25,Amalle,Burayevo,79684
94,Benjie,Banjar Kertasari,10631
86,Raquela,La Uvita,58320
73,Shaylynn,Dahongmen,23819
52,Nicol,Kuantan,81162
39,Waylen,Moorreesburg,47477
77,Delmer,Zašová,38828
70,Stella,Muquiyauyo,53616
54,Andras,Qingshandi,78629
72,Guglielmo,Jiaozuo,47696
22,Thorndike,Mogilany,18678
49,Fayth,Chynów,30581
80,Bat,Jombang,37710
75,Trstram,Harstad,74111
80,Idalina,Guinabsan,40283
29,Pamelina,Maniowy,71111
37,Amalie,Forquilhinha,73979
67,Galen,Sheki,51945
12,Stella,Rio Pardo,70931
48,Adiana,Baghlān,33663
22,Sylvester,Sainte-Luce-sur-Loire,65568
26,Wenonah,Jeju-si,24604
26,Trent,Jagna,92033
99,Kimmy,Lipu,38938
95,Gardy,Curug,81278
66,Batsheva,Les Coteaux,69561
42,Cornell,Ţūlkarm,70460
67,Val,Taavetti,71204
59,Shelley,Zbytków,77358
46,York,Nguékhokh,69595
72,Lee,Zaniemyśl,62211
61,Turner,Xinfeng,11428
3,Manda,Luoxiong,27078
82,Meaghan,Pinhal Novo,93335
29,Con,Avellaneda,43290
72,Siegfried,Phatthalung,81984
16,Tye,Wanli,13552
46,Rosina,Ejmiatsin,74358
12,Ashbey,Dalgān,35357
63,Jeno,Nieuwegein,94444
83,Penni,General Guido,89282
100,Avrit,Meilin,42676
96,Donalt,Novoanninskiy,32658
80,Piotr,Corga,59239
84,Booth,Kyaikto,48150
93,Justine,Kiikala,89084
79,Dagmar,Banjar Medura,45832
62,Danielle,Cabusao,26727
96,Pierson,Mekarsari,64627
100,Angil,Saint-Rémy-de-Provence,33679
8,Vinnie,Město Albrechtice,50734
18,Neddy,Lagoa Santa,57714
98,Sheila-kathryn,Plyeshchanitsy,75717
35,Zorina,Minami-rinkan,13766
73,Curr,Grebnevo,84882
40,Nadeen,Sarykemer,73304
67,Judon,Malārd,66871
92,Carleen,Polešovice,16299
77,Blisse,Sarandë,18038
66,Gerrard,Teslić,15255
58,Nobie,Longshan,79330
9,Sadie,Hagonoy,23357
81,Paco,Lorengau,96092
34,Daune,Działoszyce,47336
71,Chester,Pomacocha,80785
57,Charles,Pochep,87251
61,Virginie,Chicoana,17643
45,Filmore,Kurchaloy,70395
70,Buiron,Talisay,32871
37,Romona,Tagnanan,53238
11,Alberto,Mayskiy,59977
63,Glenn,Scholkine,37735
56,Mari,Changnyeong,89991
89,Geno,Sankt Lorenzen im Mürztal,82518
33,Dido,Zhongxin,63951
49,Agace,Ngaruawahia,45653
33,Daryl,San Jerónimo,15156
86,Elene,Wenfeng Zhen,87766
57,Obie,Newton,78470
70,Reidar,Tyachiv,21342
71,Salim,Cuiabá,24705
82,Birgit,Funan Chengguanzhen,79765
19,Angeli,Fangjun,52305
78,Raoul,Atok,60674
98,Marlon,Trâu Quỳ,91084
2,Ethelda,Kadoma,59009
1,Lynna,Phaya Thai,67130
69,Benjamen,Damatulan,29206
36,Gustie,Nanto-shi,90458
2,Ladonna,Coaldale,85523
32,Stefania,Damaishan,16660
78,Walton,Allada,10561
75,Adella,Wudian,65239
76,Levy,Czernikowo,99756
44,Pierson,Luisiana,57347
88,Wylma,Nanlu,45481
17,Frankie,Juan Santiago,34570
89,Chevy,Zhendeqiao,76386
24,Wallis,Châteaudun,52999
93,Crissie,Salamnunggal,83151
89,Athene,Tianjiazhai,36354
58,Elie,Roskoshnyy,27758
73,Nanete,Łysomice,92954
24,Bessy,Płock,14575
79,Marquita,Pran Buri,10267
92,Raychel,Dushan,37342
14,Bat,Muḩambal,44045
56,Sven,Kurbnesh,44871
13,Cariotta,Ţafas,11805
36,Bernardina,Xietang,87619
68,Corie,Lesnoy,95220
94,Kahlil,Guanting,98032
43,Margarette,Abadiânia,11616
30,Lissy,Mohammedia,15871
3,Kerby,Mszana Dolna,37761
33,Lyell,Solna,53225
46,Stanislaw,Rayside-Balfour,74248
99,Melanie,Ningde,82512
28,Teri,Taradale,75108
61,Bernete,Hengqu,16552
93,Meagan,Pucangkrajan,65594
16,Selby,Paamiut,20811
73,Rudolfo,Lame,65095
13,Brinna,Wang’er,55322
71,Bennett,Song’ao,28045
99,Norris,Sandyford,68942
73,Pat,Junaynat Raslān,59548
5,Viviene,Likiep,10299
40,Karly,Studená,42161
64,Harv,Dukhovshchina,44657
23,Alma,Kokas,71648
87,Vernon,Carrascal,48869
74,Mimi,Mandi Bahāuddīn,31410
58,Ban,Ḩabūr,95324
3,Leona,Barkly East,82597
46,Devinne,Legok,88060
55,Susi,Wangge’ertang,27238
95,Weber,El Mida,39591
5,Flynn,Baon,86806
37,Hurley,Easington,37668
81,Lynda,Tatebal,95614
37,Nannette,Dazaifu,59818
72,Linnea,San Teodoro,84801
56,Caitrin,Ouaoula,83545
8,Almire,Gununggoong,35560
48,Dolli,Shatou,27145
22,Kelley,Denver,50217
40,Giulio,Warmare,25361
97,Thornie,Maoping,77464
6,Ev,Beopwon,88900
19,Cherice,Boston,78013
69,Isabeau,Olmos,55225
30,Perl,Zhishan,23961
49,Carla,Myhiya,47362
8,Guinevere,Fatubia,46586
48,Cy,Wielbark,63907
35,Caye,Paço,72730
65,Dick,Carmo do Cajuru,96839
48,Heather,Zalesnoye,81182
6,Farlie,Mancagahar,73366
48,Alf,Newark,72778
37,Pen,Tornio,20887
95,Lois,Kiuola,69637
3,Brok,Halmstad,87388
78,Brittni,Kudang,20749
77,Kate,Hendala,26943
10,Jacquie,Nantes,85454
51,Obed,Ivanteyevka,94787
58,Jacinda,Banfora,19277
2,Perkin,Rantaupanjangkiri,29278
96,Sherman,Dzel,59083
16,Caitlin,Quelimane,30028
36,Aubert,Shah Alam,84270
95,Lyndell,Querobamba,95734
96,Phyllis,Xiji,99655
59,Clotilda,Jiucaigou,63105
98,Sena,Sumberbening,27671
52,Astra,Mesa,43820
96,Gunther,Barrī ash Sharqī,64898
16,Vladamir,Värnamo,54652
13,Marcella,Cheongju-si,93938
23,Nelle,Conceição do Araguaia,98243
30,Randi,Telde,27958
10,Afton,La Habana Vieja,83987
67,Javier,Jesús María,79859
88,Gerald,Osieck,68365
30,Thalia,Plast,37450
74,Allix,Zürich,67797
7,Leroi,Sanli,27502
46,Penn,Qujiang,37133
95,Jarret,Kameyama,18474
56,Phoebe,Netishyn,77169
41,Sylvia,Lucas,18394
22,Hermine,Insua,34974
68,Jillayne,Yanji,81633
87,Thomas,Níkiti,96857
68,Corny,Fuvahmulah,23174
8,Berton,Xiaohekou,46910
4,Gallard,Vitarte,82171
16,Alberik,Pampierstad,13684
37,Haleigh,Siluman,11853
22,Langsdon,Cikupa,68525
11,Devon,Bayan Uula Sumu,79846
54,Adrianna,Barberena,73806
40,Erin,Trunovskoye,13878
45,Charmain,Fangshan,19124
51,Cortney,Envigado,77518
77,Leigha,Lordelo,36014
48,Erna,Daqian,65097
2,Ervin,Cankuzo,70154
11,Briney,Petrodvorets,54667
51,Woodrow,Carrefour,83245
88,Maryrose,Xinzhaiping,92901
27,Ardis,Huiwen,50383
81,Thaddeus,Sarrat,95092
59,Pascale,Maji,76442
96,Langston,Wuyang,98320
89,Piper,Kax,18650
93,Eveline,Kratovo,24791
12,Caye,Yuanling,27931
44,Rorke,Dessalines,34319
10,Carrol,Aquia,41267
14,Antonino,Hebi,32808
48,Miner,Куклиш,24362
49,Benni,Krajan,50023
82,Gilbertine,Bełżec,82612
10,Libbi,Monkayo,61498
15,Nettle,Selorejo,36724
12,Estrellita,Jatinagara,46845
73,Ammamaria,El Soberbio,81896
40,Jemimah,Feodosiya,13983
66,Townsend,Skatepark,17290
91,Giorgio,Banos,64198
8,Corry,Pital,47809
4,Hashim,Matsubase,82633
58,Marcelline,Siwalan,89885
57,Kristel,Guamal,85941
12,Joice,Khlong Sam Wa,84061
67,Everett,Madison,88780
55,Avigdor,Colomi,23636
21,Wenonah,Cabreúva,39149
62,Terrence,Xinghua,97409
39,Cordy,Monasterevin,54201
37,Tabbi,Trunovskoye,12527
98,Martino,Čajetina,42903
12,Marten,Kaga Bandoro,72414
89,Gus,Makoko,99419
15,Matias,Xia Dawo,80651
73,Lenette,Sidi Bouzid,40923
45,Ryann,Vetlanda,31451
20,Correy,Maszkienice,44519
28,Torrey,Yasnyy,45591
91,Liam,Karangpari,69867
49,Willy,Mouriscas,34129
65,Oates,Tyresö,10413
81,Tedi,Degeberga,66865
40,Sharla,Carhué,37816
64,Hildagard,Tangjiakou,81938
21,Rina,Barayong,19181
60,Mathilde,Hedi,48153
72,Linnell,Samajie Ewenkeminzu,96202
26,Eudora,Kanggye-si,90440
25,Blinnie,Oslo,15944
76,Kasey,København,75375
46,Andi,Piracanjuba,30960
62,Ynes,Ubonratana,31149
84,Tracie,Mizi,71930
93,Sile,Chigoré,56611
99,Nonah,Campok,62794
10,Jacob,Saddina,28228
67,Dulcea,Mirriah,88523
48,Laurie,Lappeenranta,52290
84,Alexio,Pābna,44595
43,Di,Las Breñas,28682
15,Burr,Buenavista,94548
15,Leontine,Chengxiang,80457
58,Ivonne,Aghavnatun,36246
60,Jaquelyn,Huangxi,22596
18,Rey,Lagoa Vermelha,34184
46,Rosette,Ansan-si,22338
29,Marten,Mander,74391
33,Elena,São Bento,18698
88,Drew,Tsukumiura,97959
76,Frederigo,Barras,73974
94,Rosina,Barão de Cocais,17309
97,Elwood,Jinling,75801
9,Silva,Salisbury,28636
95,Alonzo,Piritiba,86655
91,Lorrayne,Yucheng,31036
90,Blithe,São Roque,65150
24,Kirby,Buffalo,91365
11,Shayla,Eksjö,86313
85,Ashien,Cheb,27749
14,Hagen,General Alvear,51929
19,Merrielle,Zuya,65642
65,Myca,Monção,19068
98,Mort,Bohdalov,50958
38,Sascha,Mircze,91196
52,Carena,Gaocun,55068
61,Constantine,Aravissós,49164
10,Laureen,Isidro Fabela,61899
67,Romain,Bydgoszcz,18745
69,Josie,Taganskiy,82214
80,Hildagard,Dietaisi,79074
21,Sullivan,Anahawan,21987
97,Vladimir,Wysokie Mazowieckie,62175
68,Joey,Pule,43427
66,Kayla,Boulsa,76072
41,Winna,Lousa,68185
53,Johann,Shebekino,71831
88,Riordan,Caracal,66162
4,Mattie,Elektrėnai,74084
92,Desmond,Buzhakan,32452
13,Talbert,Tajrīsh,95827
46,Manfred,Lobatse,52602
16,Carlee,Makati City,92340
37,Margit,Jianxin,39899
65,Orel,Pinghu,51114
50,Minta,Tobias Fornier,35109
67,Ashia,Banjar Batuaji Kaja,97511
76,Tommy,Austin,30184
75,Josselyn,Efkarpía,41919
21,Edythe,Heku,40755
85,Cletis,Dallas,47236
40,Annaliese,Altan Emel,16874
10,Hale,Nova Olímpia,53847
66,Harriette,Latowicz,81967
100,Franciskus,Wołczyn,71889
81,Lonna,Rogóźno,81403
41,Malina,Chutove,98054
97,Brear,Xiaozhen,14202
92,Maxim,Al ‘Ashshah,95449
16,Erica,Tha Maka,65858
47,Waylan,Wangjiaping,53990
1,Angus,Manning,89486
90,Faustina,Malhou,99884
93,Davin,Marne-la-Vallée,31469
5,Brigid,Blendis,27858
75,Field,Severo-Yeniseyskiy,74936
81,Nollie,Cabinda,31839
95,Arty,Jardoeira,41739
48,Yurik,Södertälje,86712
26,Nichols,Sawangan,35907
46,Justus,Puente Alto,89042
99,Vail,Xinhe,29029
20,Kiri,Bilian,62349
54,Fredek,Dāngām,68346
58,Abbey,Yitulihe,18460
6,Gardner,Liborina,54901
7,Israel,Al Jawf,21084
24,Raff,Ōmamachō-ōmama,49181
29,Olwen,Mandeman Daya,69700
93,Carolan,Ala-Buka,94300
72,Reinaldos,Celica,20056
73,Elmore,Barrunchal,37581
79,Harriett,Shakhty,28402
78,Perkin,Jaciara,95553
22,Joye,Amapala,58902
41,Morrie,Nancy,86536
87,Mufi,Póvoa,22848
37,Uriel,Lanchkhuti,32507
48,Ignazio,Plateliai,31859
5,Bobbie,Eger,83266
39,Etheline,Sankwia,30213
83,Ansell,Haolin,32590
34,Brewster,Xianshui,92839
85,Reiko,Kalebun,17959
36,Sal,Samobor,32953
74,Carree,Calaya,16823
49,Katheryn,Warudoyong,48588
49,Stavros,Kaca,94286
33,Coriss,Zhangdiyingzi,49478
73,Ursola,Xibing,38274
45,Constantia,Borovlyany,76949
61,Klemens,Várzea Alegre,62483
40,Ofella,Punkalaidun,77382
2,Arielle,Nueva Loja,91216
35,Lewie,Yaogou,20569
77,Evelin,Czarków,23792
49,Nicola,Altamira,56105
15,Matti,Uozu,45890
75,Alyosha,Dawwār Tīnjah,39599
72,Arda,Nadi,96320
95,Dion,Vratsa,22112
29,Felice,Takahata,19759
84,Raphael,Naḥf,50988
86,Kurt,Concordia,81706
7,Jehu,Jinhua,73823
21,Megen,Arras,48244
66,Maure,Karangagung Timur,53616
10,Marlow,Maple Creek,54671
17,Bennie,Banjar Kubu,28470
51,Jerald,Viña del Mar,47013
41,Ingra,Butubut Norte,43490
87,Charil,Purwosari,74924
70,Manuel,Néos Oropós,75750
72,Willard,Arbais,32306
31,Caressa,Châteauroux,98402
2,Coretta,Genzi,89491
11,Way,Chư Ty,65734
67,Kerstin,Novi Zagreb,53077
25,Ibrahim,Zuobude,79818
53,Drucy,Bao’an,21977
7,Mayor,Varser,26522
93,Amandy,Radzanów,95940
76,Ermina,Libertad,38280
93,Zachery,Huimin,37261
99,Kala,Carodok,92643
2,Elden,Arganil,64890
100,Marijo,Bantry,54927
29,Freda,Bagong Pagasa,88574
34,Dasi,Ventersdorp,19092
54,Jeromy,La Gacilly,77097
9,Elsie,Al Jumūm,92712
5,Hermy,Porciúncula,22218
34,Edlin,Yankou,27404
27,Ardeen,Yarabamba,22832
25,Langston,Xinbu,88372
24,Barbaraanne,Turba,15650
59,Leilah,Confey,94549
68,Maure,Bayt Qād,71135
52,Isidro,Kotovsk,30836
93,Dena,Santo Niño,46975
24,Redd,Vranje,31095
48,Ophelia,Sūrīān,28175
96,Eadie,Volochys’k,70399
91,Emmalyn,Stonewall,56429
26,Ardine,Beima,55840
56,Lola,Hamilton,94629
3,Lara,Bálsamo Oriental,29510
63,Paulie,Razumnoye,47970
62,Charlie,La Gomera,45629
17,Friedrich,Ząbkowice Śląskie,66848
43,Caril,Saharna,38425
15,Devlen,Qindu,36826
31,Lief,Le Mans,80369
51,Heinrick,Sparwood,86333
23,Dudley,Kirkland Lake,75072
10,Hamilton,Purbalingga,77713
30,Melinde,Madīnat Sittah Uktūbar,32265
13,Cori,Tayum,29683
77,Monty,Shimen,51677
43,Meara,Sande São Martinho,81182
53,Dayna,Sanshan,13078
98,Yoko,Boaco,57035
56,Isador,Schieren,65371
47,Ronnie,Balai,64018
82,Tarah,Marataizes,84071
98,Gun,Gataivai,97265
58,Jdavie,Watuweri,84955
93,Madlin,Wuping,68504
6,Asa,Daejeon,81824
26,Julissa,Karangsari,45336
74,Phyllys,San Carlos de Bariloche,30630
88,Peadar,Eg-Uur,65376
51,Ginny,Weru,22947
25,Mata,Kurjan,26849
31,Skippie,Eskilstuna,87480
91,Pamelina,Shakhta,80632
56,Averell,Zherdevka,72603
23,Gaston,Llusco,23701
92,Free,Zhonghualu,18271
30,Judon,Xiangyangpu,38462
54,Francklin,Gareba,46161
86,Arie,Campoverde,93179
11,Katerina,Shiozawa,17152
32,Kirsten,Likhobory,61479
20,Atalanta,Huangjindong,54368
37,Evey,Cheremnoye,45352
68,Judy,General Elizardo Aquino,67958
4,Chrissy,Detroit,43429
50,Theo,Berlin,13346
39,Stillmann,Gangbei,73551
17,Antonella,Songkar B,62935
59,Del,Lobuk,24395
19,Raymond,Säffle,87913
33,Rosalinda,Mīrwāh Gorchani,36634
81,Harold,Liuji,24375
91,Chiarra,Madang,71490
79,Boris,Älvängen,95316
30,Glynn,Nanlü,31031
87,Renelle,Tsagaan-Ovoo,18737
43,Emilee,Ruihong,39340
37,Kip,Jombang,62653
50,Burty,Debre Tabor,58780
32,Junia,Asan Kumbang,29906
42,Wallie,Stockholm,83410
77,Gabriela,Aitape,81768
90,Zollie,Sobienie Jeziory,17733
65,Joaquin,Landázuri,42180
3,Meade,Tong’an,98869
48,Peggie,Huangqiang,62021
35,Bernie,Kizel,69960
80,Whitney,Kukulu,77848
43,Robbin,Néos Oropós,86440
51,Zeke,Pigeiros,36742
21,Zach,Novopskov,97735
93,Shepperd,Warri,19591
45,Griff,Stutterheim,41438
42,Raimondo,Tanahgrogot,16447
98,Myrta,Benniu,55925
36,Tania,Lahat,72250
20,Kennett,Shchëkino,93742
58,Ardyce,Damayan,19248
68,Tadio,Castries,33894
52,Cindee,Fuhai,90194
33,Alex,Yazd,89481
99,Benny,Simenqian,86770
98,Heather,Rizal,55109
61,Carter,Cibetung Dua,58616
84,Nicky,Brodnica,31622
1,Leonard,Panguna,97831
85,Kaye,Yashao,26375
60,Candy,Göteborg,68550
26,Jess,Jugezhuang,64167
1,Dion,Licheng,63539
20,Eachelle,Beira,16589
9,Saxon,Askim,87045
35,Nikolaus,Xiongji,12207
12,Rob,Ranot,91640
11,Kesley,Piancheng,49557
16,Noreen,Dresden,29838
31,Elysee,Mendī,65490
9,Neda,Puqi,13590
12,Dotty,Stochov,45578
59,Carolina,Lubbock,73239
13,Duke,Bābol,47859
97,Dianna,Kiel,97197
22,Hurleigh,Heby,94899
94,Joyan,Minusinsk,17021
74,Dante,Santa Teresita,99923
96,Tiffany,Bogorodsk,95293
58,Yvonne,Queluz,48613
91,Melody,Cool űrhajó,65903
66,Wilhelmina,Pananaw,24640
7,Elayne,Zhongzhai,71133
79,Winthrop,Kotlas,42252
70,Leena,Muzhou,71080
31,Melitta,Benhong,76606
49,Damon,Semīrom,20157
83,Trixi,Pasirpanjang,84001
28,Shandy,Beddeng,38116
10,Ephrayim,Boršice,25724
80,Ly,Garies,32197
64,Wendall,Klenčí pod Čerchovem,95457
20,Rosalia,Cimitarra,34650
3,Karon,Richmond,61315
64,Farr,Šardice,46293
98,Felicdad,Badarganj,81573
69,Correy,Vazhiny,78081
38,Jesus,Yezhou,58186
94,Alica,Senador Pompeu,33379
17,Sheela,Dzerzhinsk,80090
13,Christel,Anuradhapura,28779
82,Kacy,Kuishan,40693
19,Rebekah,Hekou,27576
93,Lorrin,Pagaruša,97890
84,Indira,Mohale’s Hoek,26898
38,Edithe,Båstad,52299
3,Ewell,Veisiejai,60437
70,Ansley,Dongtian,82524
38,Clara,Puerto Tejada,85487
30,Margarette,Yijing,29069
13,Ruggiero,Yelkhovka,87326
2,Eldridge,Casal do Sapo,23697
75,Wildon,Wanareja,32467
48,Tonia,Baclayon,90245
20,Kennan,Brezovica,25766
23,Dov,Tomioka,86399
25,Jere,Tambakrejo,58125
58,Emmy,Jakšić,64906
2,Sarah,Vitomarci,89582
95,Ansley,Bangangté,38106
9,Erich,Vilares,29757
33,Willetta,Beaumont,29054
97,Pepi,Xique Xique,65414
81,Johna,Urjala,82554
35,Eada,Yuantan,37833
26,Jordan,Xinzhou,75964
16,Iolanthe,Cincinnati,38924
47,Adair,Pinellas Park,52359
93,Theadora,Yinjiaxi,47995
6,Cornie,Huddinge,14072
88,Joane,Dancheng,37252
52,Brandyn,Yuguan,88649
43,Victor,Muxagata,37259
28,Felicdad,Balahovit,21833
98,Tabatha,Vännäs,71436
43,Weber,Apeldoorn,35040
86,Vaclav,Ismailia,29613
12,Nicholas,Criciúma,35823
86,Sharia,Upton,91412
1,Lizzie,Semiring,26849
37,Lucien,Donskoye,60803
69,Martelle,Saint Petersburg,34133
87,Franky,Old Shinyanga,61579
17,Uri,Colorado Springs,41148
60,Gustavus,Bastia,18930
84,Skipton,Vällingby,38206
36,Johny,Göteborg,50163
32,Selina,Sumberan,32840
20,Boone,Mariefred,62778
73,Emanuele,Karolino-Buhaz,39310
96,Gasper,Żelistrzewo,61317
30,Zeke,Arsenal,47693
3,Mic,Boca Chica,90304
35,Davin,Wŏnju,90753
5,Reeba,Saint-Félicien,53017
65,Cassie,Levoberezhnaya,58465
83,Sibylla,Bil‘īn,62842
47,Daniele,Sabhā,10878
96,Roseanna,Salvador,90842
54,Evie,Jianzhatan,49969
43,Austin,Ogden,28387
30,Rob,Kavadarci,38218
77,Baldwin,Torre,89048
12,Anitra,Padre Las Casas,68148
86,Gaspard,Tabu,21181
97,Anastasia,Banjar Anyar,65600
95,Cirstoforo,Dunyāpur,15765
53,Kelwin,Ljubovija,28509
49,Julina,Navariya,46540
84,Bram,Puro Pinget,44771
44,Bailey,Kuching,69410
71,Obed,Divo,60229
27,Karlens,Huaibei,88061
88,Simone,Takaoka,45756
36,Fayina,Zhulebino,21277
75,Celia,Wolbrom,42870
11,Marjory,Simão Dias,59243
46,Noellyn,Ungheni,78025
6,Brittani,Sukhirin,63148
21,Gilberte,Grimstad,94926
14,Jessamine,Gandra,37249
44,Rafaellle,Kelasuri,16003
38,Deeanne,Gayam,18207
21,Lorrin,Kute,13194
65,Isacco,Nikolayevka,53374
83,Bradley,Kubachi,79167
99,Moselle,Kaya,74389
20,Nettle,Lago da Pedra,95248
54,Charmion,Muzhijie,12958
96,Elisabetta,Boskovice,69075
67,Zebadiah,Nancy,19335
100,Willard,Safotu,57002
7,Garv,Shengtang,23687
17,Belicia,Safi,23374
5,Merry,Lutowiska,98913
24,Cathy,Quán Hành,13204
80,Anderea,Waterbury,77064
16,Clayton,Sicaya,38445
96,Consuela,Sobreda,82283
13,Yvonne,Santa Catalina Norte,91803
83,Renaud,Progreso,71142
96,Geralda,Bobota,49470
52,Myrtice,Schœlcher,58375
22,Brandie,Saint-Louis du Nord,52724
59,Warner,Xinsheng,80187
36,Mauricio,Helsingborg,40726
82,Clari,Samadua,68665
91,Hoebart,Privas,63188
88,Jessika,Keelung,84237
12,Kaia,Hartford,35478
54,Pen,Idkū,29363
67,Marlie,Irasan,56155
49,Marietta,Fuzihe,90742
31,Nappie,Sosnovoborsk,49505
20,Vin,Cilimus Kulon,68271
82,Laurel,Changmaoling,15987
55,Gustavo,Constance,59628
81,Brandi,Pustomyty,78098
14,Fernande,Andrézieux-Bouthéon,64250
100,Bordie,Non Sung,17071
59,Lucine,Cimo de Vila,69241
93,Nicky,La Montañita,65515
78,Nigel,Tubigan,31906
44,Frants,Longvic,20150
60,Stanton,Znomenka,33049
88,Rosabelle,Nha Trang,35696
77,Alister,Getulio,41818
18,Bartram,Erie,63447
35,Carmelia,Zhanqian,63693
3,Patricio,Oslo,59570
79,Sisile,Atuntaqui,28403
47,Ivar,Murcia,56705
38,Maryjo,Novoshakhtinsk,71368
85,Hermon,Kyonju,44908
43,Audrey,Roubaix,10982
40,Euphemia,Megalópoli,71306
22,Pavla,Polo,14561
1,Jared,Pursat,41309
37,Ludwig,Sigu,39969
91,Baron,Bonavista,49662
88,Olav,Sanom,30107
51,Farris,Toulouse,74989
19,Merell,Thabazimbi,25416
13,Britte,Balekambang,66581
15,Birch,General Alvear,47750
19,Beverlee,San José Poaquil,57103
97,Ade,Beauceville,77426
11,Lilas,Miandrivazo,42107
93,Darrel,Wongaya Kaja,47833
18,Roderick,Rzhavki,60560
93,Nicolai,Novomoskovsk,27235
19,Payton,Bīleh Savār,59098
100,Pete,Komsomolets,38672
66,Antonetta,Cincinnati,69955
12,Hendrick,Tauranga,65823
80,Marchall,Nartkala,64293
74,Merilyn,Melioratyvne,97157
89,Mata,Pujocucho,91347
6,Myrilla,São Pedro do Estoril,56004
6,Rab,Oeri’u,59080
95,Happy,Potlot,22881
21,Brooks,São Miguel da Carreira,94432
30,Therine,La Jutosa,52145
41,Fraze,Hajoho,30290
8,Carmina,Balkanabat,90155
9,Georas,Padasuka,98426
58,Georgeta,Panggungasri,62720
30,Shirline,Culianin,37282
30,Truda,San Jose,72823
90,Garold,San Vicente,69876
69,Nesta,Ashibetsu,45551
12,Free,Rasony,56309
73,Terrell,Bambous Virieux,22374
84,Roselle,Marsa Alam,18177
16,Miguel,Sanli,63173
10,Mischa,Tambaksari,55982
66,Antin,Båstad,65874
100,Hobey,San Pedro,96314
46,Haily,Aknoul,49569
65,Sherman,Hisor,27917
100,Sibel,Nāḩiyat Hīrān,34729
3,Fonzie,Shangyi,12844
2,Yale,Novhorod-Sivers’kyy,50021
9,Ophelie,Shahumyan,55297
88,Trisha,Speightstown,63844
40,Sibby,Huangmao,30534
14,Electra,Nangahale,40532
18,Farlay,Rodniki,51905
50,Lindie,Trai Ngau,50653
21,Joly,Esfarāyen,80300
20,Cyb,Zhenlai,90241
23,Antony,Kruševac,53034
91,Brittany,Jinsha,90244
98,Rich,Arvidsjaur,48093
83,Daryl,Budapest,46160
56,Una,Apeldoorn,66126
15,Towney,Hexi,24078
32,Burt,Rodópoli,21500
55,Giralda,San Calixto,86217
22,Kassandra,Eg-Uur,52204
77,Katya,Izyaslav,32292
9,Mylo,Henggang,98825
100,Rebbecca,Panoongan,41422
55,Levin,Muyuzi,28772
12,Chas,Kao Liao,30347
23,Guilbert,Nizhnekamsk,52180
94,Ailsun,Iúna,25101
17,Rodge,Dziemiany,78296
18,Janet,Bernardo de Irigoyen,58142
85,Benetta,Mūḩ Ḩasan,66810
23,Martina,Xiawuqi,66554
82,Filbert,Águas Formosas,69921
100,Madison,Wailolung,84176
11,Robert,Uppsala,49310
27,Johann,Krotoszyn,32649
67,Barbra,Albrechtice,86754
48,Bill,Atães,93521
2,Sylvester,Pirané,62352
90,Dolley,Lishu,18343
86,Willette,Umeå,85928
40,Derrik,Cagwait,65197
94,Farica,Cabiguan,55937
50,Brand,Zaleszany,36491
79,Fairfax,Leijiadian,59978
99,Parker,Kukurečani,34476
88,Rennie,Ilanskiy,97434
2,Dolli,Cimuncang,33148
28,Priscilla,Luodian,88051
60,Adella,Bei,66127
34,Marsha,Xinyu,51956
66,Vivie,Oehala,17141
45,Norean,Ресен,28318
24,Tarrance,Lantian,38511
99,De witt,Jiucheng,28328
21,Wilburt,Surcubamba,72467
88,Aviva,Port Nolloth,68779
95,Darsie,Devesa,87100
67,Graehme,Borås,96633
23,Alaine,Bello,10845
63,Winn,Cachí,29728
85,Esta,Krasnogorskiy,36912
2,Yardley,Sagana,18670
40,Rolfe,Bang Kaeo,79509
90,Gayle,Kolç,26255
7,Horatia,San Remigio,19980
62,Gib,Isangel,53593
61,Nicolea,Yixi,31717
39,Randie,Reforma,93500
52,Mickie,Acaraú,61618
67,Kynthia,Zadní Mostek,89137
97,Rosene,Wang Sam Mo,27261
81,Brendin,Montpellier,90782
48,Catlin,Lesnikovo,84154
16,Kiel,Hulan,44329
28,Renie,Jinrui,24598
45,Pauly,Chlumčany,73657
67,Marjie,Sanghan,16916
60,Jamey,Bandong,80857
18,Joe,Lelkowo,81485
61,Craggy,Yanguan,12762
45,Siobhan,Boise,37908
43,Iggy,Jeziorzany,65991
64,Delano,Borgustanskaya,40573
60,Garvey,Dargaz,44780
12,Pace,Xinhua,18811
85,Zechariah,Carot,19586
39,Jewelle,Mapiripán,60073
61,Myrah,Zandak,42509
76,Lina,Mubo,62056
90,Pinchas,Litan,12448
6,Jamie,Josefův Důl,60011
38,Sharron,Huangzhan,37843
18,Chan,Lizhai,69634
58,Ike,Vannes,65548
68,Cherilynn,Broby,79471
86,Neale,Saint-Pierre,59182
45,Bil,Xai-Xai,63218
61,Leesa,São João,28784
56,Norbert,Topi,24651
30,Artus,Landskrona,72398
86,Shandee,Wuling,24433
28,Darleen,Yongning,77412
59,Bonni,Freiburg im Breisgau,34226
52,Kaiser,Dongyu,43659
62,Olivette,Gostilitsy,23635
78,Rutledge,Goraj,26505
52,Hinze,Ballitoville,94281
60,Thacher,Minzheng,20283
50,Alie,Itapetininga,59279
41,Maire,Kuanfatu,69991
87,Harlene,Yong’an,70147
77,Lilia,Olival Basto,76590
10,Adel,Kaliterus,74673
13,Cindy,Lionel Town,43514
97,Ollie,Itaguaçu,47894
89,Chad,Rothesay Bay,81947
70,Willie,Schieren,34428
52,Wyndham,Ngreco,12719
97,Celeste,Nanyang,83122
81,Merlina,Guanting,35874
46,Berti,Santa María de Caparo,92192
46,Anallese,Rybnoye,68344
58,Mal,Kaduseeng,43604
89,Ruben,Pietermaritzburg,38806
12,Anjela,Hidalgo,74766
20,Pearla,Mandaluyong City,47806
96,Russell,Ülken,12775
42,Cam,Yanghe,78994
41,Dorene,Zdiby,61365
44,Sauncho,Salfīt,23596
44,Timothy,Ash Shuyūkh,61398
16,Bambie,Kotlyarevskaya,49613
87,Franciska,Longjumeau,85503
93,Ed,Salingogan,87869
17,Elijah,Strömsund,96655
68,Valencia,Sokolac,12275
75,Nicolle,Dongqianhu,73361
72,Maria,Dubna,56016
59,Egbert,Maardu,25002
57,Ralf,Dharān Bāzār,26376
26,Osbert,Naberezhnyye Chelny,82315
99,Sandro,Grande Prairie,67837
85,Raff,Duyang,91628
69,Nissy,Pasrūr,65913
53,Cyril,Fontana,97796
33,Aloise,Sabana Grande de Boyá,54053
87,Franzen,Gungguh,66507
22,Arlee,Czeremcha,16347
20,Kerrie,Mae Lao,71074
89,Drucill,Shankeng,74276
6,Hermia,Göteborg,68141
65,Marquita,La Dorada,89935
51,Hakeem,Ouidah,80519
27,Ardra,Mari,55447
77,Riane,São Miguel do Guamá,11786
85,Inigo,Nová Cerekev,60446
75,Iver,Tyoply Stan,37335
7,Vinita,Volgograd,35505
77,Siana,Tahala,83724
70,Hadlee,Zbrosławice,75865
11,Reinold,Ağdam,69042
7,Jere,Mostek,31888
23,Hilly,Henghe,25883
49,Wood,Biankouma,98941
22,Heidi,Hägersten,26241
79,Stanislaw,Atlanta,60950
77,Loise,Chişinău,37033
71,Aloysius,Wufeng,87377
74,Gracie,Barão de Cocais,25096
74,Sibelle,Massy,91923
27,Ninnette,Itatiba,35164
96,Babbette,Curpahuasi,19829
33,Sybila,Taunoa,67537
37,Karl,Goseong,49276
49,Zollie,Itapipoca,68617
74,Bail,Lethbridge,16830
7,Rosco,Chishtiān Mandi,44935
44,Tersina,Oibioin,59108
83,Stormi,Kilju,16571
28,Noni,Utan,86532
100,Beatriz,Atafu Village,69427
35,Cristi,Triteh,47991
2,Aleece,Lipnica,59635
22,Coreen,Fushan,33537
54,Karlens,Cigadung,11250
10,Kirk,Compostela,50046
89,Bev,Salt Lake City,16764
42,Deeyn,Gaozhou,65379
57,Gabriello,Tuanlin,34256
97,Bibbye,Bābol,33613
30,Abbe,Saint Andrews,87095
12,Gae,Shuangxi,74086
94,Nevil,Söderhamn,86115
8,Rufe,Awsīm,45483
52,Tandie,Kalix,46283
26,Miller,Bacuyangan,81808
24,Pasquale,Tsowkêy,40859
8,Malva,Sarirejo Satu,72430
23,Allegra,Riosucio,50324
69,Teresina,Charlottesville,67178
69,Susann,Ad Dann,97335
73,Norrie,Glamang,17579
73,Katerina,Shuangxiqiao,80512
8,Kari,Młynary,73748
28,Huntington,Cipesing,47658
89,Rorke,Nixi,53519
24,Dannie,Viesīte,69050
54,Hewett,Sekongkang Bawah,46100
19,Sandor,Shuangqiaoping,25178
7,Nestor,Pępowo,63114
76,Peggie,Gulariyā,41990
23,Collin,Krajanpagowan,47502
100,Denys,Pyetrykaw,80593
48,Thia,Rantaupanjangkiri,12875
2,Bobby,Greystones,34002
88,Fallon,Kara Suu,88013
37,Sol,Baylo,35549
8,Chicky,Zhaizigou,55970
80,Barnaby,Sumberrejo,78185
88,Leontine,Thymianá,64308
10,Camille,Shijing,87125
41,Mickey,Jinhe,95883
11,Aylmer,Abade de Neiva,35294
53,Jared,Mpumalanga,78941
79,Alidia,Nyūzen,17217
47,Vannie,Muritiba,75333
63,Krystal,Surcubamba,76011
41,Iseabal,Halmstad,36258
46,Eleanor,General Santos,96472
89,Beauregard,Sexiong,35533
54,Leland,Ḏânan,61858
11,Serene,Alfenas,62513
56,Marquita,Ensanche Luperón,84007
5,Clea,La Lima,21242
43,Appolonia,Xinhua,92115
33,Jesus,Porsgrunn,77990
41,Elijah,Baklashi,11755
26,Stephie,Hengfan,10004
76,Karlotte,Temperak,53797
29,Dorian,Ajoyani,11975
24,Jada,Saguiaran,42610
13,Douglas,Bobigny,85871
28,Hinda,Semang,23802
91,Tersina,Binafun,20454
49,Alexandr,Kista,89928
83,Cyndy,Chojnice,41235
79,Timmie,Hiroshima-shi,79475
93,Yurik,Takahagi,53804
82,Cobbie,Līkak,26414
21,Saw,Baranoa,20011
